{"0 train loss": 5.593142991765028, "0 train accuracy": 0.04400133104666343, "_timestamp": 1675759703.0968022, "5 train loss": 5.518075666102496, "5 train accuracy": 0.04137882043723028, "1 train loss": 5.575593389845002, "1 train accuracy": 0.022438382556800827, "3 train loss": 5.387891980906858, "3 train accuracy": 0.08071739130434782, "4 train loss": 4.417268988261693, "4 train accuracy": 0.30524304515834655, "_runtime": 1308.054140329361, "_step": 0, "_wandb": {"runtime": 1311}}