{"1 train loss": 1.8728233750022327, "1 train accuracy": 0.577618007095698, "_timestamp": 1675646231.7002966, "5 train loss": 0.9557024589316412, "5 train accuracy": 0.777246976504644, "2 train loss": 0.7912630668301391, "2 train accuracy": 0.8138859556494192, "3 train loss": 1.0652000200173541, "3 train accuracy": 0.715427536231884, "4 train loss": 0.46826771953666624, "4 train accuracy": 0.885114999073163, "_runtime": 146319.85836553574, "_step": 105, "0 global test loss": 2.2361095510935503, "0 global test accuracy": 0.5159625662973809}