{"1 train loss": 5.667644666121887, "1 train accuracy": 0.01593007683090153, "_timestamp": 1675489725.7929513, "2 train loss": 5.53714255168798, "2 train accuracy": 0.04382259767687434, "3 train loss": 5.672632579953791, "3 train accuracy": 0.04051449275362319, "4 train loss": 5.080537561843865, "4 train accuracy": 0.20513039882505596, "5 train loss": 5.658755095438524, "5 train accuracy": 0.023051377222113693, "_runtime": 2501.874542236328, "_step": 0, "_wandb": {"runtime": 2507}}