{"1 train loss": 5.666790461039042, "1 train accuracy": 0.015977068207983836, "_timestamp": 1675499474.2962084, "5 train loss": 5.657443178241903, "5 train accuracy": 0.023175691274929407, "2 train loss": 5.53586890553975, "2 train accuracy": 0.046759503695881735, "3 train loss": 5.670672412486777, "3 train accuracy": 0.0398768115942029, "_runtime": 992.867306470871, "_step": 0, "_wandb": {"runtime": 1111}}