{"0 train loss": 1.1519235846793232, "0 train accuracy": 0.735684849105383, "_timestamp": 1675804827.455845, "5 train loss": 1.578842434490269, "5 train accuracy": 0.649398852758884, "1 train loss": 2.838444387258935, "1 train accuracy": 0.41681351472004885, "3 train loss": 1.4008767444380414, "3 train accuracy": 0.6387028985507246, "4 train loss": 0.8167665521716223, "4 train accuracy": 0.801043760961629, "_runtime": 45041.77719807625, "_step": 35}