{"1 train loss": 5.667646372282469, "1 train accuracy": 0.015953572519442683, "_timestamp": 1675487126.5175617, "_runtime": 624.0495207309723, "_step": 0, "_wandb": {"runtime": 663}}