{"0 train loss": 0.9647617619316857, "0 train accuracy": 0.7747715463178642, "_timestamp": 1675820270.783178, "5 train loss": 1.3529056479646402, "5 train accuracy": 0.6945070947805857, "2 train loss": 1.1999866018168148, "2 train accuracy": 0.7248053062302007, "3 train loss": 1.225438596006615, "3 train accuracy": 0.6758695652173913, "4 train loss": 0.6916736871629519, "4 train accuracy": 0.8283141549386149, "_runtime": 60479.40097117424, "_step": 48}