{"0 train loss": 5.592874963980635, "0 train accuracy": 0.04284946374177695, "_timestamp": 1675759721.0826714, "5 train loss": 5.51701018512249, "5 train accuracy": 0.042515406062973944, "2 train loss": 5.283495806338543, "2 train accuracy": 0.08645723336853221, "3 train loss": 5.38255639643396, "3 train accuracy": 0.08256521739130435, "4 train loss": 4.417898585652783, "4 train accuracy": 0.3071608846301921, "_runtime": 1301.1654214859009, "_step": 0, "_wandb": {"runtime": 1302}}