{"0 train loss": 5.592469226718437, "0 train accuracy": 0.04341259886861033, "_timestamp": 1675758259.4717278, "_runtime": 430.3620319366455, "_step": 0, "_wandb": {"runtime": 467}}