{"1 train loss": 5.6676405786394, "1 train accuracy": 0.015906581142360376, "_timestamp": 1675493429.8414924, "2 train loss": 5.537142779280795, "2 train accuracy": 0.043806098204857445, "3 train loss": 5.6737414566963205, "3 train accuracy": 0.03994202898550725, "4 train loss": 5.080550967233024, "4 train accuracy": 0.2052016939727082, "5 train loss": 5.658735720677809, "5 train accuracy": 0.023122413823722675, "_runtime": 2641.8033814430237, "_step": 0, "_wandb": {"runtime": 2641}}