{"1 train loss": 5.666882734040956, "1 train accuracy": 0.015953572519442683, "_timestamp": 1675497715.160182, "2 train loss": 5.536125264676345, "2 train accuracy": 0.0465120116156283, "_runtime": 491.0500020980835, "_step": 0, "_wandb": {"runtime": 568}}