{"1 train loss": 4.624133348464966, "1 train accuracy": 0.76, "_timestamp": 1675496717.0751576, "2 train loss": 4.611729383468628, "2 train accuracy": 0.69, "1 global validation loss": 5.898485823305781, "1 global validation accuracy": 0.004417293233082707, "2 global validation loss": 5.919973121916694, "2 global validation accuracy": 0.002904098739357138, "0 global test loss": 5.904367878174907, "0 global test accuracy": 0.0015768025720312084, "_runtime": 450.9724266529083, "_step": 1, "_wandb": {"runtime": 537}}