{"1 train loss": 5.668855747303089, "1 train accuracy": 0.015906581142360376, "_timestamp": 1675494978.1995192, "5 train loss": 5.6581840650601825, "5 train accuracy": 0.02187927329556554, "2 train loss": 5.537156401617096, "2 train accuracy": 0.045472544878563885, "3 train loss": 5.672045361735946, "3 train accuracy": 0.03942753623188406, "4 train loss": 5.079732098827397, "4 train accuracy": 0.20538706135660406, "_runtime": 1166.3714480400085, "_step": 0, "_wandb": {"runtime": 1173}}